path	bytes	sha256
CAMPAIGN_PLAN.md	10170	e46b584d58845f0f88225b8cd6c36eef3414b2c22e63ba9f73ad7ab914987d6e
README.md	3383	c62442cd42bd8c9679290a9603ab88c4ea17bec62ed464e6409c803a31376021
archive-manifests/README.md	2617	60014d67748d012199c251059d564fe2af563e034d08363252506d8a36b74bd0
archive-manifests/campaign-scratch-artifacts.tsv	121931	94e52a6c9fb47770d7acf43b8dedab105a8e45e723166eb3e47178102d29f06f
archive-manifests/copied-artifacts.tsv	5547	a961f2b7082465db37918630ff4f3b44a5b2e9a554ffc56a9cd17c93c35cadd9
archive-manifests/old-faithful-auto-lp-copied-artifacts.tsv	5522	5cae31549670f4237b1cb2045a5a2281976675ed639ed940285a0c456e10ba14
archive-manifests/old-faithful-auto-lp-scratch-artifacts.tsv	17060	194755a21c27b238b59feb9d0d1c2be26ebd6ba9d5d7bf4194195c16849800a5
archive-manifests/old-faithful-copied-artifacts.tsv	7992	5ee800b86d20f948cd57d20758440312316a378e554c27d1fcf4e50aea5bef05
archive-manifests/old-faithful-scratch-artifacts.tsv	74502	303843552d02a8af4efe3e84160ffd3d9e993ec287f81eaaf9912ccb8940d1e7
episodes/first_np_result/README.md	1231	82d7e67c7c4ff6b054da1159ab865d2cf661aa541b5dbbcc78c94e08f0ce621c
episodes/first_np_result/analysis.R	241	de1af5234900e9722c8253bb36f7dd69cf485758e4405b7b881833f864733976
episodes/first_np_result/assets/fit_plot.png	64861	077d926ee34322dbc11aac1513cfee13c4054aea70dbb8d1f63ed7f9279c572e
episodes/first_np_result/assets/poster.png	97699	5e7115743f6a01b3fa39ca31741ebf79dd8a1c3625859af6a6d549fc73ae2d53
episodes/first_np_result/assets/rstudio_context.png	277017	2c2432f6502e352c96d2bb5750b8f7a99fe671a783df7242672f700c12d26d6e
episodes/first_np_result/captions/captions.en.vtt	528	2a58cd1e6214bf7c60005ed0913d8ce3e09c24cddba35645737d27d0679cd825
episodes/first_np_result/frames/source/candidate_A_01_result.svg	650	733850591e97d006beb7241c3fc0ee7cb491c3808b2f5eb8f93fdf57ce7a7c19
episodes/first_np_result/frames/source/candidate_A_02_install.svg	988	50853ac2d960205bd42d27d44a4d3e7b793447c4bc6696b666019ba5b966684d
episodes/first_np_result/frames/source/candidate_A_03_load_data.svg	924	10edd71e48463a1dede882883dcaa172ab33d2a43e079a2f82a5f10db5282333
episodes/first_np_result/frames/source/candidate_A_04_fit.svg	986	75ab4b24593db97ab7e495c498051c7e9a2677279567338b1ab5af71c4c3b769
episodes/first_np_result/frames/source/candidate_A_05_summary.svg	1428	90492cdd18d511c9d095ea10428df1ad0951e396529a224ebaf6660e12163bb3
episodes/first_np_result/frames/source/candidate_A_06_plot.svg	475	0968230822797dd112839221e52cc12459d805f5539e7682f01559c6c89d009e
episodes/first_np_result/frames/source/candidate_A_07_outro.svg	1097	7d15e1391c3c04e72bf52eadd1a389c7d9e06840ca5c0935414e4e4a070250f6
episodes/first_np_result/frames/source/candidate_A_08_actual_rstudio_context.svg	590	8b0bbe234a9d138e74e34d8c018f8419d671de443c5f1b81442a293d9a142b9a
episodes/first_np_result/frames/source/candidate_A_09_actual_rstudio_return.svg	464	1f5950b01613c3a1e98c9450af7841cc57d39a1bb02d6ae168e1519e50ffc96d
episodes/first_np_result/manifest.yml	1395	42cfda51f4d9304e3cce3668c8e941c2cf01b18d8641f765586ddc26f7dc4f32
episodes/first_np_result/narration/narration_master.wav	2299278	43c93dcda05d9980536cc91ee7abc1262d9655c5ba03f96822641fbf6de0b293
episodes/first_np_result/narration/public.txt	381	1b55ba030151177c1813ea9053376261dc47db59ad15b872c7e953f2020871dd
episodes/first_np_result/narration/voice_prompt.txt	774	0f31a637b3faf72be0016736c20799713a8e1f38f08c8a9960a1af7092356a83
episodes/first_np_result/proof/contact-sheet.png	322602	26aaa80e1c2384f881c00a1d11789cfcf0965302bbe7801fe6ded33c33f01d71
episodes/first_np_result/proof/decision-ledger.md	5459	186f6152fe036f1b2bc73de4a5ccc927225b871d0558789d24365fbd9e10d733
episodes/first_np_result/proof/installed-proof.log	1179	9520c19ccb6fae6b5fb74b7c522154f9dfae7e43f622670bc1df308196589e3a
episodes/first_np_result/proof/installed-result.rds	536	f771d9299c22bd43de3323a1cddab26c524a6d35c74a9d8e0a51219be6ad0acc
episodes/first_np_result/proof/media-checksums.sha256	471	fe463191645151fde230ab904580b4881f59af0afad9bb790a1cfdef10a85f01
episodes/first_np_result/proof/migrated-source-installed-proof.log	629	a7bc36924a6e194cc693751aa015e6d1a04be6221293992779f946c4589310b3
episodes/first_np_result/proof/repetition-timings.csv	407	efcb4765a6bc9e1fef49f4a4a0c06b94ddd3b8a890c85d841dc2611d0c66e373
episodes/first_np_result/proof/repetitions/result-1.rds	531	2e8658b173990580dade84a9b46f20bc3f48df1d4aa1fdd0558844139c6c769e
episodes/first_np_result/proof/repetitions/result-2.rds	531	386c4fbee5d69b62b8959ecf9878f44976a5f75f079a96b520f9da51ac178b8b
episodes/first_np_result/proof/repetitions/result-3.rds	535	b977b2911528db88964f4b0920bc264f178ac2c12acf0068730407236464d577
episodes/first_np_result/proof/repetitions/result-4.rds	532	642216168af77f14552a4ab8c51e888cdecaf028c8b2d1b6900f06c7508c803a
episodes/first_np_result/proof/repetitions/result-5.rds	533	1bb59c06f1dee360c73aa85da073f0e62698ee8d91d8eaf4d9183c96317948f0
episodes/first_np_result/proof/repetitions/run-1.log	1170	9058441e20b77ea410233acde552597a5d039d011c4b337f4c477cfb143ad29e
episodes/first_np_result/proof/repetitions/run-2.log	1171	66657266d70078dcedcb1f3439a41451b7773d430a8491ea4bcc3cb8a202e601
episodes/first_np_result/proof/repetitions/run-3.log	1171	0d0413045bb3a1c7bbcbd67bc69d298616d3becb55551c04a51758e53504aa65
episodes/first_np_result/proof/repetitions/run-4.log	1171	144cfd81a7dbf7065d1a6abc8f62b1cb260c700be27b0bd59ee96a27763b69a6
episodes/first_np_result/proof/repetitions/run-5.log	1171	6a20337199800e122b7c2da7b65dd88031c669189622304a3dfc8cfacd4a3f8c
episodes/first_np_result/proof/runtime-summary.csv	115	1aa9295fd4330afb3a420aef0278d54a11df907b74cc167b0efb2fc4176f5ae7
episodes/first_np_result/render/render_frames.sh	824	215d1081e02bbe326ee8ac0543b0effaf428b7dcbebb1f71aca377aa9c5f8a40
episodes/first_np_result/render/render_video.sh	2188	f8d7ec1ad6ce2b4890cc23afb26fea30737fca67e196fc2c4ee6ef83ccbc9414
episodes/first_np_result/render/sync_public_bundle.sh	1079	4b4f9cb29635b844fd039af6f2d869850cfc322e1a48a6300fddf74be0d03745
episodes/first_np_result/storyboard.md	1465	6af68f97f85bf93eece9870a5b582af8555673bff2426d00f82ed596d2e69022
episodes/first_np_result/transcript.txt	381	1b55ba030151177c1813ea9053376261dc47db59ad15b872c7e953f2020871dd
episodes/italy_conditional_density/.DS_Store	8196	64ac37bd2ed39963e7be6a7e3cd13f2e42c1cfaede999e90dc124c399b679480
episodes/italy_conditional_density/README.md	1921	7ada9fc36f09aeb3d64379763fa6c1880d967b4a7024d73ad0cc5bcc6faaf27c
episodes/italy_conditional_density/analysis.R	275	1a1f7fcfcbb246ed4c2dd87c189f0f7db57c26b2dcaa8f9097d4ffc2757e0c62
episodes/italy_conditional_density/assets/approved_plot.png	503419	4ae20dae696108e7c19e58221572d672e1e5b30a2abf0e56747a8de098beb60d
episodes/italy_conditional_density/assets/poster.png	505887	10aafab998073156e1ac45239885edbc1acb2ea32ad9d8672ba711acbc6589ec
episodes/italy_conditional_density/assets/rstudio_context.png	423872	48e7fd0738f6eb983f9cdb9299d907a611035752b6299d62b5acda0be853b0eb
episodes/italy_conditional_density/captions/captions.en.vtt	513	81a80451c5599c7b1c1bed2073a90ecafe00585547be56378ef51510ddb5d313
episodes/italy_conditional_density/frames/source/italy_cdens_01_result.svg	630	52f113a6fc12f1ae45f15ada069e1e590d6a69c985b04f4691dab16b7ecce1d7
episodes/italy_conditional_density/frames/source/italy_cdens_02_rstudio_context.svg	587	8ac07070ce731df09796f6b4278d5cb298622caf0c38034ca2c3a29c69f2e7ce
episodes/italy_conditional_density/frames/source/italy_cdens_03_ordered_year.svg	1737	897d6742fb7c981040ef5341eac32f50e666389ffe34c8015c59d050eeecf683
episodes/italy_conditional_density/frames/source/italy_cdens_04_fit.svg	1032	06e67e53df0b089832f272d8075ffbd7fe39cd9ab7f11d5830ebad978a438454
episodes/italy_conditional_density/frames/source/italy_cdens_05_summary.svg	1571	5b0294dc99be7ab556cf6fc53b12f669b27e51a02a29b94380fecc533e8339c7
episodes/italy_conditional_density/frames/source/italy_cdens_06_plot.svg	988	392e6b7428e97530534b511a0cd099d1e75a84896dac95de4111422e8606f45c
episodes/italy_conditional_density/frames/source/italy_cdens_07_rstudio_return.svg	598	0092889902cfb8ef0229577d2505483242f67f829f777603b7758b4c65ff50f0
episodes/italy_conditional_density/frames/source/italy_cdens_08_outro.svg	1103	005cb83dbde459f42a4d94516a638394608a0e45d3526e6129a332dcd9455a5b
episodes/italy_conditional_density/manifest.yml	2196	da73fcb1442d8b164a9c06a3e0807dcb01da6ac1561b74f3214633efd0ffdd74
episodes/italy_conditional_density/narration/narration_master.wav	2305998	bab7f79ec2d0ec03ee2074efddcacbe1d4e5d5dc6c4b0cf3be6d370e0af5a95b
episodes/italy_conditional_density/narration/pronunciation_probe.wav	484878	c145c55633e7b181f0c8b2110c46d391eac271c29b4e537c31188b5cd7f97c48
episodes/italy_conditional_density/narration/public.txt	387	032a0179389147087f23cc0d1703990943d2965236c5fdac4f6ff34898dc4350
episodes/italy_conditional_density/narration/voice_prompt.txt	873	c407ca3b31cc1f8badc3fc493cfc253e3ad1750665a64d42aa7e931e8a9690a0
episodes/italy_conditional_density/proof/angle-refinement-contact-sheet.png	1927165	2f15c26b1ebe587ec3bad397b20d395cdfd95f4d2e2d8a4c3b7064a84831c9f3
episodes/italy_conditional_density/proof/angle-study-contact-sheet.png	1877753	084685dcfa0cc7faef6a126851ae60e2fdf798285ff3051450ccd0966a04b42b
episodes/italy_conditional_density/proof/decision-packet.md	5574	6b4e3c1f7a1ba1cb9a2793bd8650dbca30ebc3c0f7bccf5f4c99822fa16ba3d7
episodes/italy_conditional_density/proof/installed-result.rds	558	40d526e26c32aaba4b82d93be25845b364efe8f49064fedb8ce0c36e3129b031
episodes/italy_conditional_density/proof/media-checksums.sha256	903	464282c837da281696cc6ea9c610e95c96966580953d7ef0dd69cade57724aa6
episodes/italy_conditional_density/proof/migrated-source-installed-proof.log	907	343265c70d8ddd0fb25aa0883ba36447abcc66073899407b0830db92c4e4f786
episodes/italy_conditional_density/proof/narration-alignment.md	1549	1041923a188b6da91d152d81e72ee44b8333ee883d1460f389f5417f69fa0e16
episodes/italy_conditional_density/proof/narration-loudnorm-pass1.log	1223	6bd118f18fcd76d0c66dc6dfc968f9c7146eb3de805f5f417c9d86a8c6b5e8b6
episodes/italy_conditional_density/proof/narration-loudnorm-pass2.log	1403	b8339a7c5f6640688dec870b8b8fd6e7e9321ebd50f241884cb550fa5f518795
episodes/italy_conditional_density/proof/repetitions/result-1.rds	558	40d526e26c32aaba4b82d93be25845b364efe8f49064fedb8ce0c36e3129b031
episodes/italy_conditional_density/proof/repetitions/result-2.rds	561	a495cdfa947a72f6479152890caa20005e153065c1174477cd3ffba799c24f30
episodes/italy_conditional_density/proof/repetitions/result-3.rds	561	9cd8e8417f5fac71e84d3b0327c39762171e54c424f24b8ef204101bc6668bdd
episodes/italy_conditional_density/proof/repetitions/result-4.rds	560	fb6eed7ce8fd04d7097c294cf7473145e13c09f2e0d9110077a690c36adbc911
episodes/italy_conditional_density/proof/repetitions/result-5.rds	560	620a5a175e513388ff77162416a89420ac6d25f50b68cabb5029e7f56798fe53
episodes/italy_conditional_density/proof/repetitions/run-1.log	1430	bb095fd140b08fb7e0e0e7956ebfb2c68bf2a8b4298a8af3df31936e8066c06d
episodes/italy_conditional_density/proof/repetitions/run-2.log	1431	d14bc7bd2208c28f657b7400dd522615803c624fc4cd610e6c737e7f4ab45636
episodes/italy_conditional_density/proof/repetitions/run-3.log	1430	67fccf0ed7350fcd0803e35b417868e6197e43210162edf2e5b015a115659dc5
episodes/italy_conditional_density/proof/repetitions/run-4.log	1431	dffcfda86cd72e475f65eea3d414d696bcdf592a6c92062b5adad49d1a1f55be
episodes/italy_conditional_density/proof/repetitions/run-5.log	1431	58e31373f46174d02b43b71d923c5f9f4e1256a90f6c9035b69f92e3190e1183
episodes/italy_conditional_density/render/render_frames.sh	734	d4c115280a796af19136e3c9e5136221cee45fc70414fc553f9bbdd56f30be2e
episodes/italy_conditional_density/render/render_narrated_review.sh	619	deb132425fbb1d0e6dec9bc23a976b871f68d41c915ad89036673b29e520622d
episodes/italy_conditional_density/render/render_silent_animatic.sh	1798	54c428e70c5ab4f3471dd0101b197f89824c6fc700bda987e3e29d4b3ca91dd0
episodes/italy_conditional_density/render/sync_public_bundle.sh	1125	c4c6e673aef9c1c89383934c7613d35c671853b9351254e54418e6b7153c4489
episodes/italy_conditional_density/review/contact-sheet.png	1615580	bafb323a23d19b1c1011732d9dd3e505a941117e3a4d244af7cf08efbc099fa0
episodes/italy_conditional_density/review/narrated-prototype.mp4	1827224	827b90ba90175250f9af46cf2e4760118a9e8f27fcc3801e50653b0cf32fe0ca
episodes/italy_conditional_density/review/silent-animatic.mp4	1287475	60ab43d53f5d1468ac49ebd167a0e73424b64d034d7339824b5669fabb23ecee
episodes/italy_conditional_density/storyboard.md	6392	e687cc89b6330d4763e11b034ba66152b8167821618f27ef88632ec78d7fc6ed
episodes/italy_conditional_density/transcript.txt	387	032a0179389147087f23cc0d1703990943d2965236c5fdac4f6ff34898dc4350
episodes/italy_conditional_distribution/README.md	961	542d268a56b41ccd382de68cc72b0e92ad8a47aa2ae4ffcf5b371891f555d4e7
episodes/italy_conditional_distribution/analysis.R	280	92b9dbf74aa048eefa1a4afc0583cae203116035ad29f7000a55043a295e6bfc
episodes/italy_conditional_distribution/assets/approved_plot.png	524722	4ebb6c05ff81a6105f9efba7058df4d2ea850f9ab8efe11afd3b82a2307042e8
episodes/italy_conditional_distribution/assets/poster.png	716997	8ee6c1342ed6504232ce782faece5657f45866ca2b184fa97e43526b8443a3a1
episodes/italy_conditional_distribution/assets/rstudio_context.png	532742	7e2d04f192c5d2e801ce357d44d1db598bda7d28cf212b65a01d7ea398639992
episodes/italy_conditional_distribution/captions/captions.en.vtt	605	c8954ef30b9c69cde5c3e87900f70a14f96b8596e0e0cfb699626e4a8f200688
episodes/italy_conditional_distribution/frames/source/italy_cdist_01_result.svg	645	023cf294abacdccf6a4fd3b513666dcf9dd38ecc072da322370dcb7616d56150
episodes/italy_conditional_distribution/frames/source/italy_cdist_02_rstudio_context.svg	598	a38cc769e7efaa2f0fc0bd7d9744448d8403d00937b628298edefdf3d12a0cb8
episodes/italy_conditional_distribution/frames/source/italy_cdist_03_ordered_year.svg	1743	d1faf4a4e10c713921f93c4bfe1ed3c07648182d9263a0954071ad31693d32a7
episodes/italy_conditional_distribution/frames/source/italy_cdist_04_fit.svg	1028	2993f6cf24799f3fc58cabeb2006b9d61c46ebe3969bc13f115a2e6e51eaf478
episodes/italy_conditional_distribution/frames/source/italy_cdist_05_summary.svg	1571	96f29f1cc9aaff733da290f30411b3f40e1190d8899b0ece699a3cbe3085246c
episodes/italy_conditional_distribution/frames/source/italy_cdist_06_plot.svg	984	661e857392965e8d6930f9af95df02365fc53c36894bc9c4b786da8737af4351
episodes/italy_conditional_distribution/frames/source/italy_cdist_07_rstudio_return.svg	609	fbb1c87405a4ea6ad0e1ad6b76debe383621be64602dbcf43787bd9e7b2754f0
episodes/italy_conditional_distribution/frames/source/italy_cdist_08_outro.svg	1107	33417be5e3b66b0f62f867512a4752ec6a821aa27d82fc1adcec104f51996b6d
episodes/italy_conditional_distribution/manifest.yml	2098	f5f0be5bb7c2dfe2b2db4f1dffc6c7259b6856edbb518d78d6f0ad25c08911f7
episodes/italy_conditional_distribution/narration/narration_master.wav	2400078	732efa6d78efb7b4aea53780c72352d0598f2c40f8557183bf79664c4d41cde0
episodes/italy_conditional_distribution/narration/pronunciation_probe.wav	473358	a09b898ca80cc036c5cc3717b8948eee5e2d87070735254ee990d5069d108984
episodes/italy_conditional_distribution/narration/public.txt	410	513efa277efe21abbcb36246587d32d7f96383cc3e1f979f417517767e913cf4
episodes/italy_conditional_distribution/narration/voice_prompt.txt	924	fbd3c29d14adcd05fee86d253f432363df0569073b4f9ef0799d614722726812
episodes/italy_conditional_distribution/proof/decision-ledger.md	4221	b345852efb573ec73981e896c33a93e61c07691efa0833db8d10a1c1ee2c5158
episodes/italy_conditional_distribution/proof/installed-result.rds	24076	46f6eda2a9036a9cbf6dffc6200e6d7fe9be44110b6091a21eaac39c81f7d5ac
episodes/italy_conditional_distribution/proof/media-checksums.sha256	903	8ed27d53417e4c0d94bdb9ff5908a70393480ad971c11b21d55e84701cd0d23a
episodes/italy_conditional_distribution/proof/narration-alignment.json	9883	b7ea82539012e49332d07e7bc1634f02c2a6915b99c5570d6b7669b464d6a1e5
episodes/italy_conditional_distribution/proof/narration-loudnorm-pass1.log	1214	fc757ea2f5e7c0adb2c2c0320fa4760b74dd74f2927182c5a98deda797ba928f
episodes/italy_conditional_distribution/proof/narration-loudnorm-pass2.log	1385	1aa40386c2311947bc37ab1b5a022cf190a404db0598633c26bc1de12e499e7a
episodes/italy_conditional_distribution/proof/repetitions/italy_cdist_result_01.rds	24076	46f6eda2a9036a9cbf6dffc6200e6d7fe9be44110b6091a21eaac39c81f7d5ac
episodes/italy_conditional_distribution/proof/repetitions/italy_cdist_result_02.rds	24070	2a1b4a62a89637d8dc73dc2609ee0814a9fa835e00a77afc62223be25c2c484d
episodes/italy_conditional_distribution/proof/repetitions/italy_cdist_result_03.rds	24080	b772a6372216a65d78aafe39bc08c525940ace5440f406d664fb6915582dc16b
episodes/italy_conditional_distribution/proof/repetitions/italy_cdist_result_04.rds	24080	f03439d4e595797ff62cdc0173da94b84a45c28e0b83e0268ae2f2fec771e9f6
episodes/italy_conditional_distribution/proof/repetitions/italy_cdist_result_05.rds	24077	fe700305dd3e0492dd5f77699099380a4e600a834cf1baec208dc1fdd389e54b
episodes/italy_conditional_distribution/proof/repetitions/italy_cdist_run_01.log	1927	85254bbbdf33bf28810cd6639a677b34d38b590223d56abe7fd033a011dccbc4
episodes/italy_conditional_distribution/proof/repetitions/italy_cdist_run_02.log	1927	230314a3aa98597f79d5ba2ddea2a3d3cba031dce78bd15824c4ad4894cf7e90
episodes/italy_conditional_distribution/proof/repetitions/italy_cdist_run_03.log	1926	7e7994614bf4478a16ca010bef9e7c4a446b0967e5d558f76ed88918e986dbe6
episodes/italy_conditional_distribution/proof/repetitions/italy_cdist_run_04.log	1927	3cef89e3ad11a4bd843e33fc276530aa4a7bc1d06ca36b25152a60df2fcbcbb7
episodes/italy_conditional_distribution/proof/repetitions/italy_cdist_run_05.log	1927	03b0b2aad82a16e14b49723e6b2011bb773d31c3658e883416ff37a06bb821f1
episodes/italy_conditional_distribution/proof/runtime-summary.csv	195	25c5f0e40ed1cd9d323b8b76ae6c6bf31bf77e88a4b16274984b022dff3fc6e7
episodes/italy_conditional_distribution/render/render_frames.sh	734	9f8d4f5ff9cda25c8b7c63fc7ee9bafca4350f8c9b52011e8aec3876fea7f8e7
episodes/italy_conditional_distribution/render/render_narrated_review.sh	619	deb132425fbb1d0e6dec9bc23a976b871f68d41c915ad89036673b29e520622d
episodes/italy_conditional_distribution/render/render_silent_animatic.sh	1798	6a4f443dd2143849151bd39d8369de36e73c286adce69e84319ab3bdebd19cff
episodes/italy_conditional_distribution/render/sync_public_bundle.sh	1155	2df32aac1c6c0dbc468247a8b625fee58d25bc87b17d76d190b5b7568d3a02ab
episodes/italy_conditional_distribution/review/contact-sheet.png	390126	6f3e5ac39645e0bd5b92422d8c670c7052d86c0304df46cdc2829d9e6caefbc8
episodes/italy_conditional_distribution/review/narrated-prototype.mp4	2146449	0b9c865e1f649a9061bbd5ccca6b04176ccee63edf4bb601d74ee813ecb2af04
episodes/italy_conditional_distribution/review/silent-animatic.mp4	1586137	b015b452815e94de74356638e2e7b502044611251bdb4cfa83f30ccde3c7af2c
episodes/italy_conditional_distribution/storyboard.md	4621	c128fd8a733d19c1c19cc7de03ff132e2fcffebd848f2d06a69c8f1ddc67fc6a
episodes/italy_conditional_distribution/transcript.txt	416	d47b1ab5391b70de348465b19067ee684ed34b7c6ed3ffcebb144b7f2dfb62dd
episodes/italy_conditional_quantiles/README.md	1009	db11e897a60a9ca6a118467bbd0f8c1161e2deeeba02c79857dcef08f7fd8392
episodes/italy_conditional_quantiles/analysis.R	299	15ca7ab007a214c65933d8b07837793e1605af74d6b85e3dd4a8370ff8c15e7f
episodes/italy_conditional_quantiles/assets/approved_plot.png	133364	a1a01a021480d6b832f8770a08213349458e8bce5ce8661150c143b24f676da7
episodes/italy_conditional_quantiles/assets/poster.png	321637	69cfa190b0a94305a4bfab89b45c376b089d049398347558591691b65f2d8087
episodes/italy_conditional_quantiles/assets/rstudio_context.png	437177	3ce8d9066efa961285b885ed64c873fd8db3c863b6fbe720fb64495e71481b42
episodes/italy_conditional_quantiles/captions/captions.en.vtt	565	c27637e1d94a48e946b770d33b5cdd4228ac25249f13ef48cd94119be9347fc5
episodes/italy_conditional_quantiles/frames/source/italy_qreg_01_result.svg	646	06c50ae4e73548ceae8bffb3ebba0265e33bd0efd8b82caa429f9bd37742ee82
episodes/italy_conditional_quantiles/frames/source/italy_qreg_02_rstudio_context.svg	597	908a55b89c0ca9a90f5931f18f159094a11a35bbe351ec319739552de04b1f2a
episodes/italy_conditional_quantiles/frames/source/italy_qreg_03_tau.svg	1697	698f231d6b33e5fa3284056b8c6a85abdf9cffa52a7ddab481d7754c551649d5
episodes/italy_conditional_quantiles/frames/source/italy_qreg_04_fit.svg	1226	273d412e011f9290633897d539bdd1055b0c98a643dfae0f169f2a89672ecbcd
episodes/italy_conditional_quantiles/frames/source/italy_qreg_05_definition.svg	2322	b3bbf137650064f9f28df335efd1030e4820cdc0757596f7dee4594ab3a058d9
episodes/italy_conditional_quantiles/frames/source/italy_qreg_06_plot.svg	741	873a4d43ca2ccd48b4c06162a030467d12752bc0ce4c1c8c018a3d7261a99736
episodes/italy_conditional_quantiles/frames/source/italy_qreg_07_rstudio_return.svg	610	86e6b0cb39eec72a990a5ce87edcebff63542178fd366a8c15174718e2fe6c6c
episodes/italy_conditional_quantiles/frames/source/italy_qreg_08_outro.svg	1101	3c5c4fcd65701f58b1d286e8b437ecfa8b10750d70730d35ef45da523e93e378
episodes/italy_conditional_quantiles/manifest.yml	2136	1fac3816f8aed0017e0ea4b7904823bf051136a8b01c74d17c40576cc11e1757
episodes/italy_conditional_quantiles/narration/narration_master.wav	2544078	ac340a5bef3e4d3428d697fa53aab2c3caeddc4f07a4de8f16a058fd44ef2edb
episodes/italy_conditional_quantiles/narration/pronunciation_probe.wav	768078	2e0d8096d8be8f6cdd7ace7caad22a0234c9ffe1a6833e3f60a6f2f117128ee6
episodes/italy_conditional_quantiles/narration/public.txt	370	d21dc78c8914962e63fe883d7eda9f19a21ba8a5af8e29f4fee096a72815837d
episodes/italy_conditional_quantiles/narration/voice_prompt.txt	1296	110538ba4d2a2564ce88220c5407f90551110aa4fa93a7e9529c1b80ab8b8ca8
episodes/italy_conditional_quantiles/proof/decision-ledger.md	5282	0014b3120b2a7ab047e5ff2153f1368a83c4e8077c0f42db91cfb69d43df790d
episodes/italy_conditional_quantiles/proof/installed-result.rds	7707	6abfd338cf20faf568ab21aeeb0bdc8cc2e346a38840cdb7409aa2d8c4d9f578
episodes/italy_conditional_quantiles/proof/media-checksums.sha256	903	b4e89bcc4fc89f0ded0a8b3db6660c777a963ad74e67ba09beb3fc3585038d74
episodes/italy_conditional_quantiles/proof/narration-alignment.json	9785	4f1394012c71b5d88f6389879c2798042fa561cc06c1181f2286381e257bac7e
episodes/italy_conditional_quantiles/proof/narration-loudnorm-pass1.log	1225	a9503e77f772a48d0e4bdce27948494750b173d7f7b5a9c0464a76e6d83d7878
episodes/italy_conditional_quantiles/proof/narration-loudnorm-pass2.log	1396	c27c71c383dfb313b36258f9d8b173833da887d4c3c2f0f0ec542b8b8efa0910
episodes/italy_conditional_quantiles/proof/repetitions/italy_qreg_review_result_01.rds	7707	6abfd338cf20faf568ab21aeeb0bdc8cc2e346a38840cdb7409aa2d8c4d9f578
episodes/italy_conditional_quantiles/proof/repetitions/italy_qreg_review_result_02.rds	7705	484c32b58908da0ee2529f7e14ce11eda7e40f0abe8b015805717afdfc81dea5
episodes/italy_conditional_quantiles/proof/repetitions/italy_qreg_review_result_03.rds	7715	7d385e801db828d22c25ec6e72afb63aa9368848c8f81b6f42e93af4921058f7
episodes/italy_conditional_quantiles/proof/repetitions/italy_qreg_review_result_04.rds	7718	2f2a5e9586fb76f1a29334ae3cad21725c4c7db2e89d226b0bfe1083c0c59720
episodes/italy_conditional_quantiles/proof/repetitions/italy_qreg_review_result_05.rds	7718	7a9e8c949a86028053fd9f86b2a2080921ee063486073de489dac0c19ad4f0a1
episodes/italy_conditional_quantiles/proof/repetitions/italy_qreg_review_run_01.log	1918	06e5c6792cf91072cea2f39932206bdce3836f98814a837c92e21c776a26b7f9
episodes/italy_conditional_quantiles/proof/repetitions/italy_qreg_review_run_02.log	1918	48f416d65bf66e2accf077f04a1c7bee7eed30d61be42dbd6ddbf390916960c8
episodes/italy_conditional_quantiles/proof/repetitions/italy_qreg_review_run_03.log	1918	3ce74df001f58a31dd68b36b7edb61f254d8c50317d0cd5d9744736af5e58d84
episodes/italy_conditional_quantiles/proof/repetitions/italy_qreg_review_run_04.log	1918	85d8886bc35426e701b647eb50d3442adae1f9f2dc2d81183170a36e1439074a
episodes/italy_conditional_quantiles/proof/repetitions/italy_qreg_review_run_05.log	1918	fcb67df8ff0c7b721dea54e9a9d60bd8584b93883a282eebfc7c6d60e672a1c2
episodes/italy_conditional_quantiles/proof/runtime-summary.csv	183	d239816bea7a5d3d55e2041cbd9006ecae82d3683f544b7d4b5c825b007ba3f6
episodes/italy_conditional_quantiles/render/render_frames.sh	733	acf89ac7ef463349f5312ceab5fd77f705b26586c5d3593ee63aecfa4d7a28f7
episodes/italy_conditional_quantiles/render/render_narrated_review.sh	775	68d4f26a23cafbac95b3ffb6797d0fd80fd683b4b49333449841b235cf3d373e
episodes/italy_conditional_quantiles/render/render_silent_animatic.sh	1784	9455b4349607b37009e39f1b7f3d8a95a50a7a2566a52c55c3f41edfdc8b2a71
episodes/italy_conditional_quantiles/render/sync_public_bundle.sh	1137	0920aa60d976db46811f445832fa0b8783d384b454ff442a51acf12caf0ba5ef
episodes/italy_conditional_quantiles/review/contact-sheet.png	1067903	b552bd5febe3c9227b0cf44c0e8af510b5330d8ed55fb1109f8c5fcdcf17d854
episodes/italy_conditional_quantiles/review/narrated-prototype.mp4	1990543	a941bc9c8eb2085abd6567b767d908fd1e4860e9c6aef6828223aeecd557fc09
episodes/italy_conditional_quantiles/review/silent-animatic.mp4	1333903	fae0d804d3ad2c65c8472f90a0cc620ce53b1fb63c2e81cebb2a672eb3ae4228
episodes/italy_conditional_quantiles/storyboard.md	4555	1b3acf65711f2e6361e7b67f213d45f24cf0c880c6279d3ad89de7c8889f8801
episodes/italy_conditional_quantiles/transcript.txt	374	4b170b24524c194f70776013598edcbeccdc9a3cf141991b0e4c8bad7e970458
episodes/old_faithful_automatic_local_polynomial/README.md	1293	ba65f4a4d494334da7a9884fd95132354d801ffdab8ae26369dbc2ac8b3bce6e
episodes/old_faithful_automatic_local_polynomial/analysis.R	720	da00968191c95d0e864221ced78b1a8d4644272cdd51067c8861b5b7b6d1d353
episodes/old_faithful_automatic_local_polynomial/assets/approved_plot.png	254138	8f4355b71bfd88a528139ef4694b51a50d718fb48458fdb4b7e8a31987ef0d5d
episodes/old_faithful_automatic_local_polynomial/assets/poster.png	327268	bc77862bfdd370bbc517df5c425b0ec7aa934d6614d508e5d62da66e47902d93
episodes/old_faithful_automatic_local_polynomial/assets/rstudio_context.png	404436	17c191ca82a56d8dee745b142115e33576a76320542cb17054d66a208d709473
episodes/old_faithful_automatic_local_polynomial/captions/captions.en.vtt	528	7b24aa5dfbcd60e8918aefe546c933a1dd651fc65735e7500645c516fa049ed3
episodes/old_faithful_automatic_local_polynomial/frames/source/faithful_auto_lp_01_result.svg	339561	c8b546f9cd84eb119e16763bae8f7ab5f444e59aa81d1883993b671fba5b6a60
episodes/old_faithful_automatic_local_polynomial/frames/source/faithful_auto_lp_02_rstudio.svg	822742	7bcb5fad186213bc4833acd31f6a4a6d9e06088a250bf2a410aeaa5b84609623
episodes/old_faithful_automatic_local_polynomial/frames/source/faithful_auto_lp_03_contrast.svg	2200	a7fea954d775442ac3ba2c393644c6f1a743e4fa96870b33afa1f6390b206d62
episodes/old_faithful_automatic_local_polynomial/frames/source/faithful_auto_lp_04_selection.svg	2702	c2913afa999a087f65b1c105ab780dfe4568116d9c5dcc4e8de12a24f9bba310
episodes/old_faithful_automatic_local_polynomial/frames/source/faithful_auto_lp_05_derivatives.svg	340836	b8c3009d7e816261d5ae487766bfbdd3f02483c320cf6c71b7c44632a2b982b5
episodes/old_faithful_automatic_local_polynomial/frames/source/faithful_auto_lp_06_bands.svg	2693	3f03fe3a633d1530cebf2654d55e582474b6d9a5fd0c4d9234085686d5f02c05
episodes/old_faithful_automatic_local_polynomial/frames/source/faithful_auto_lp_07_return.svg	822735	563b090765b19f8ca0afb310b85256cd9837fcfcff69c5980aefb4725979d967
episodes/old_faithful_automatic_local_polynomial/frames/source/faithful_auto_lp_08_outro.svg	340192	391ac16f8bcc59a0ac222b71f9b4381bca338c116c4308ee3a022314407ed612
episodes/old_faithful_automatic_local_polynomial/manifest.yml	2728	50e232acbb176a8fc08ea1a0e1dfb095af0eed165f18e07140be77a5358910fb
episodes/old_faithful_automatic_local_polynomial/narration/narration_master.wav	2270478	3500af3c276455c4346d104d38048a8444306872a1fb2e026193e432b70112d9
episodes/old_faithful_automatic_local_polynomial/narration/public.txt	397	45459ee7ba423e283eea83a13763a147632f2cfea871e4ea88f57a11eb529cf3
episodes/old_faithful_automatic_local_polynomial/narration/voice_prompt.txt	809	649d32e72515a5cb4a97e30a3134382bed37feb5cc5ffd2d5242f7200763a085
episodes/old_faithful_automatic_local_polynomial/proof/contact-sheet.png	1780177	89c93dbf708d894eb55e786e165de4b6deababc754f656dc902420597ccfd44d
episodes/old_faithful_automatic_local_polynomial/proof/decision-ledger.md	1724	4c444e8d7f665ccf16c63e1348ba07a19685bd3ab6f341e22df24cf9b38b4323
episodes/old_faithful_automatic_local_polynomial/proof/explicit-nomad-comparison.log	1132	a3d35b557e207558541537170f0dfe0af43c6bf3c7606b961ad9136b75b132ac
episodes/old_faithful_automatic_local_polynomial/proof/installed-result.rds	11259	be8ac27064b52b932b4ee33e2de4779c9b7ca9e384e3a3ad9c221b7459090c76
episodes/old_faithful_automatic_local_polynomial/proof/media-checksums.sha256	893	d2d2a948d6b4b02d45dbc2a10f32fe10be7408824419a3e368dbf5e3f78d9978
episodes/old_faithful_automatic_local_polynomial/proof/narration-alignment.json	8867	02ba17bdfe1bc0c2209910772946f10bfb2427484a41d70a4b47db0303503189
episodes/old_faithful_automatic_local_polynomial/proof/narration-loudnorm-pass1.log	1287	f3c0f45b82fc6fb37a7ea89a8e604382d402d79c87359f1ee34bb3ad05c60090
episodes/old_faithful_automatic_local_polynomial/proof/narration-loudnorm-pass2.log	1530	9e1227f1ace704c60b78b7524e95ad7c8201f7089e27ae1c4e8cdaaa16057ad5
episodes/old_faithful_automatic_local_polynomial/proof/repetitions/plot-result-1.rds	11259	be8ac27064b52b932b4ee33e2de4779c9b7ca9e384e3a3ad9c221b7459090c76
episodes/old_faithful_automatic_local_polynomial/proof/repetitions/plot-result-2.rds	11271	bac4db85468f4deb3592f45071e979a84ccdf008bd789e8ed64a4c5e9f1c9fab
episodes/old_faithful_automatic_local_polynomial/proof/repetitions/plot-result-3.rds	11261	069557e7ce0946989b052f8e386dfba11d9a3c2d680e3b4a552e8bbbf52bee45
episodes/old_faithful_automatic_local_polynomial/proof/repetitions/plot-result-4.rds	11256	d2f8305a797acbfa5df3ae2ae3b1fc815e3f3c6fc1972b93882651f8597cd6e0
episodes/old_faithful_automatic_local_polynomial/proof/repetitions/plot-result-5.rds	11273	d5d340199e607070a05196c6fa904a85554a2334f5b7dbffbd151a4607706c63
episodes/old_faithful_automatic_local_polynomial/proof/repetitions/plot-run-1.log	1712	85e1a4e09c45c3e18996d173e77311eb07afa6e83acc18a1500900e4d07a8b1b
episodes/old_faithful_automatic_local_polynomial/proof/repetitions/plot-run-2.log	1712	b4dbc08650c4f08a7ed5db00677625671e5685148a32d68471b354127c961774
episodes/old_faithful_automatic_local_polynomial/proof/repetitions/plot-run-3.log	1712	f8de55f3f6a8b83c215e0b421a85626210164555ba43905c74c52307a2c9e88d
episodes/old_faithful_automatic_local_polynomial/proof/repetitions/plot-run-4.log	1711	8fe97b4b5b76541b754662c1d46529ef9a148bee1d5b717f1a812c5845f965fa
episodes/old_faithful_automatic_local_polynomial/proof/repetitions/plot-run-5.log	1712	907b1a08886c7fbc7c627208bf39e706128255983d833c96c679d7a79c168703
episodes/old_faithful_automatic_local_polynomial/proof/run-installed-proof.R	3669	e20f4ffda386f599d9c8a28f5b0e8c73a4af19ea941f2a5997a17a76597fd31c
episodes/old_faithful_automatic_local_polynomial/proof/runtime-summary.csv	496	80e1f16107c60a28d29332cea2826a837c9438bbbebce3fd3de434b01e55bf89
episodes/old_faithful_automatic_local_polynomial/render/render_frames.sh	710	5c12d39229fe35d488dbe480e477f663df04b58c7c5c5c04a45aa484b9fc980f
episodes/old_faithful_automatic_local_polynomial/render/render_narrated_review.sh	742	aadc669dab4d2be4ca79437dedc3d55d6c05f90f20711b92367c31f05c1e8fa0
episodes/old_faithful_automatic_local_polynomial/render/render_silent_animatic.sh	1837	564b6476b5be31e087cee00185d98e6cf5697a157cf31b740b2f5d914cf6a764
episodes/old_faithful_automatic_local_polynomial/render/sync_public_bundle.sh	1209	ff980b566ba71712f429c4b545bfcc6f445dc364aff57de7c35f295dd5269b5f
episodes/old_faithful_automatic_local_polynomial/review/narrated-prototype.mp4	2441557	8f92fb474a3a4bbb473ba2123df716d4d44701b6915857ccda98f270cfcb6f0d
episodes/old_faithful_automatic_local_polynomial/review/silent-animatic.mp4	1897760	bdb264c3c89ee091a305aabf7afa98c2fa30a9b375c619d870a1d8912d45dc7a
episodes/old_faithful_automatic_local_polynomial/storyboard.md	1145	3df64445e86341a06b515fd1b2203521cabc1732f34587439574ab1616df4420
episodes/old_faithful_automatic_local_polynomial/transcript.txt	400	383187c4c267f29570e6e2807bd697e0604fbbf8593f1fa03fe1b274c2a6a8d8
episodes/old_faithful_joint_density/README.md	871	7762c784a1bc812c35405788f40528709c43f84908daf6d4348ad6e621cca9b2
episodes/old_faithful_joint_density/analysis.R	261	f1a4af1855c813ec6d288d5877135990b2aaa9873f381602487f47cf65d8a7dc
episodes/old_faithful_joint_density/assets/approved_plot.png	85999	a488f12b135cbd1d34175b230dc85030dd45d0f6c49f40b32b184191abb1b4fa
episodes/old_faithful_joint_density/assets/poster.png	316515	1926506e44ad74c59b1d72e81f647dcbec3f642da4c10785bb03bc7fe9826d1a
episodes/old_faithful_joint_density/assets/rstudio_context.png	357823	e6e4fd20ecd20d44101ee9a6b425c9eafe4b60fcbde57e6f1577b5120828b3fb
episodes/old_faithful_joint_density/captions/captions.en.vtt	557	dd16420e08a1050be019068eb54bbc0aabb453848e0ab012b78a69144d0a11f8
episodes/old_faithful_joint_density/frames/source/faithful_udens_01_result.svg	672	853d776802804883c5c45afb500746f1ed7775df4c216760ba423b0d820f4944
episodes/old_faithful_joint_density/frames/source/faithful_udens_02_rstudio.svg	690	4ba36a51c5cd8b607e0e286f8cc65e1dbaee6be3dfe4859c2a9da9f5beb17e19
episodes/old_faithful_joint_density/frames/source/faithful_udens_03_data.svg	2479	ad4e5b413efbe8ea7716fcdaa57fd4f5d47d628c1cddcee604f862a6fdb714e6
episodes/old_faithful_joint_density/frames/source/faithful_udens_04_fit.svg	2695	91065ad39f9cfef92c381f1c1600951cac1480280cafc9ddd3253840093065f2
episodes/old_faithful_joint_density/frames/source/faithful_udens_05_viewer.svg	1764	c65004ba6f9b81be43f48dce9882d99454e4ea3c19fe5a12be5d426b92498789
episodes/old_faithful_joint_density/frames/source/faithful_udens_06_return.svg	669	e973299dd8064667dece73d697e137ebf6aba5ac4fee63945dbcf0b8b49ca291
episodes/old_faithful_joint_density/frames/source/faithful_udens_07_outro.svg	1341	23d68b8ec6cba51523f08dbc64975d8e0b825992eb307703d24adacd800ac01b
episodes/old_faithful_joint_density/manifest.yml	1945	9b7b4975dba722da0a5d94b7155135f90e9a472ffea800b22536b38eb25b8443
episodes/old_faithful_joint_density/narration/narration_master.wav	2582478	08f4228da7eb4ece48cfcd8ab075e12ed3de6417e8e29327ba4683d4400c1035
episodes/old_faithful_joint_density/narration/public.txt	424	11725f4e3be84389a05fb34aceccc638987c956752e949d33572ca04da0cb945
episodes/old_faithful_joint_density/narration/voice_prompt.txt	1320	316014547e70da65a4905beb10079178e9cc3f6a6d873599e08c4f345508cd03
episodes/old_faithful_joint_density/proof/decision-ledger.md	663	c18f245374c4af08f8f45e8d6d18aec5ab92f29416a909d42d3fe5d55ebf61ca
episodes/old_faithful_joint_density/proof/installed-proof.log	480	c5dc8fa08e6b090402cc65131e564710993ff0677924d0476e49426462ca8b77
episodes/old_faithful_joint_density/proof/installed-result.rds	2813	8e2e1602920e35901ed1cf44e753e7db19d5810877f2566f3f12c1084e70d847
episodes/old_faithful_joint_density/proof/media-checksums.sha256	803	a1729f094d8e064f3e043e662f41eda7c33b800b478c15c95bd669f615c216f5
episodes/old_faithful_joint_density/proof/repetitions/faithful_udens_result_01.rds	2813	8e2e1602920e35901ed1cf44e753e7db19d5810877f2566f3f12c1084e70d847
episodes/old_faithful_joint_density/proof/repetitions/faithful_udens_result_02.rds	2813	ee30e82579221d8886b34827a4e916956448f12a5aaed0589af04a1b8e688c25
episodes/old_faithful_joint_density/proof/repetitions/faithful_udens_result_03.rds	2812	1087e7e9f2863ce2c5da8032d0974ff381dd859e29066ff4cc975bd689b6a00d
episodes/old_faithful_joint_density/proof/repetitions/faithful_udens_result_04.rds	2813	faf2138b9c71c2dfc8934246090c03291d8ae93a3b79c2be8125e09aec417c76
episodes/old_faithful_joint_density/proof/repetitions/faithful_udens_result_05.rds	2810	fed16286612d4b6ec144e197da7a3e6581d393c52c82e0a99699fd41592f798c
episodes/old_faithful_joint_density/proof/repetitions/faithful_udens_run_01.log	2025	406ea4e60d4a7af81a02cadbcfb4155b492b15e06630e1f9091167996d68ace7
episodes/old_faithful_joint_density/proof/repetitions/faithful_udens_run_02.log	2025	29751c3fd7d5986ffb322ac1337881d165057a79240d150b67edadde9cec62d0
episodes/old_faithful_joint_density/proof/repetitions/faithful_udens_run_03.log	2025	3075fa096f7cdb9bf108de53cbee308698fdef749c087a98bcea879b75ba51e3
episodes/old_faithful_joint_density/proof/repetitions/faithful_udens_run_04.log	2025	3075fa096f7cdb9bf108de53cbee308698fdef749c087a98bcea879b75ba51e3
episodes/old_faithful_joint_density/proof/repetitions/faithful_udens_run_05.log	2025	3075fa096f7cdb9bf108de53cbee308698fdef749c087a98bcea879b75ba51e3
episodes/old_faithful_joint_density/proof/runtime-summary.csv	181	a98ee5b56b0caddd5968ac98b8bebcf7b6ec8fe2a0074d83ffed04fd01776969
episodes/old_faithful_joint_density/render/render_frames.sh	737	942ee10c3411a698ffd08f0eda7d07b93d8de8077197752bf7c8f9fafd56a2c4
episodes/old_faithful_joint_density/render/render_narrated_review.sh	914	2176e01f526f0aafc81c4613892cc7dc9237a2911f9d41e5e640570f8a3aa827
episodes/old_faithful_joint_density/render/render_silent_animatic.sh	1633	0312ed6e25aff5d0a16a7fa49bb061d8761a3fb878fa5e3506c5ac993cee5400
episodes/old_faithful_joint_density/render/sync_public_bundle.sh	1131	6846fe1e71c9cb7221c8759f9d2a4ad02a4a322d5c1c10b235fdabacd0e6e42e
episodes/old_faithful_joint_density/review/narrated-prototype.mp4	1815617	556ef1e04fce64d01a8f5c967895a9e09f773243aaf463f0b904cdba6d37944f
episodes/old_faithful_joint_density/review/silent-animatic.mp4	1062673	f18e8d2182cc160722cbb425ff401e5b58fc48a856e16a2d14c315742726e2c9
episodes/old_faithful_joint_density/storyboard.md	1468	e976543ad71a1a26b183e1ef790e19c2befa63a03c8bd7325a84b86f39eb7909
episodes/old_faithful_joint_density/transcript.txt	424	11725f4e3be84389a05fb34aceccc638987c956752e949d33572ca04da0cb945
episodes/old_faithful_joint_distribution/README.md	1011	cc09271c236b5cce076255916fbf08348dd5f650189efeb6f04bc709521d43ab
episodes/old_faithful_joint_distribution/analysis.R	266	9522c0efea3f884be200a73302cc42ba5417cba77e442c5b2e2f8dc97cecf2a9
episodes/old_faithful_joint_distribution/assets/approved_plot.png	84586	86a96803d131453410276df9007959ba5f52e19efb344c603ae8dde5644710cc
episodes/old_faithful_joint_distribution/assets/poster.png	306752	384b12192827a541a3a45b4f268a78a9fbe384c6a1ebbe109a45cbf065b57b0b
episodes/old_faithful_joint_distribution/assets/rstudio_context.png	357823	e6e4fd20ecd20d44101ee9a6b425c9eafe4b60fcbde57e6f1577b5120828b3fb
episodes/old_faithful_joint_distribution/captions/captions.en.vtt	593	2bd231a992957b432c2e39926bc0e8603299617f1eb8d408bbff0606c468663b
episodes/old_faithful_joint_distribution/frames/source/faithful_udist_01_result.svg	675	6da5ed246587b433f981483341c4e481e00059933858c9f002c6dab1c83a5ea0
episodes/old_faithful_joint_distribution/frames/source/faithful_udist_02_rstudio.svg	4843	cd22aa9a6f2d94dff5b977e83960debfca190a50732eec9add9538d6bb8f7f78
episodes/old_faithful_joint_distribution/frames/source/faithful_udist_03_data.svg	2479	d8661daa5e63ccf7319b035ce8ea0877acc225809dfa15456b37de7d1d995dd6
episodes/old_faithful_joint_distribution/frames/source/faithful_udist_04_fit.svg	2707	ed0a9afc42d38b24f375033e002942f34732b2fd9da417ddd5ae89c812feb9f7
episodes/old_faithful_joint_distribution/frames/source/faithful_udist_05_viewer.svg	1768	da9ac1766fedf90e169860852caf0ca5e1ef48f5607aa78def747919ca069ed7
episodes/old_faithful_joint_distribution/frames/source/faithful_udist_06_return.svg	4822	5daed072af0b60e82ca349d4698fa58802404d4c6269dee9ae500b7722f9a39a
episodes/old_faithful_joint_distribution/frames/source/faithful_udist_07_outro.svg	1346	b2493e2a2d2cdaddfbee881bf316b5444c28b0f5a0c5967e45c7b7057e5e6381
episodes/old_faithful_joint_distribution/manifest.yml	1962	f4c22ae3126840009ce17ff575a441e5c0f7826321dea8dee596d9c778309e0e
episodes/old_faithful_joint_distribution/narration/narration_master.wav	2766798	863e16270fe42438af64deec2d56e674794ba29ecb56a46e70b5276a4dd73a62
episodes/old_faithful_joint_distribution/narration/public.txt	429	887bfa09c37ad31f72b1c4ad92a4829bc85e1ac8011e1bf4220bd426e7ecdc3c
episodes/old_faithful_joint_distribution/narration/voice_prompt.txt	1413	6418799049a4e6d5e12520a8325e31c9ad8ed4e0f28f405352537de7f3da79ea
episodes/old_faithful_joint_distribution/proof/decision-ledger.md	796	2c48a3b8ff93425e3820e66bceacbbf877d64a52e5c35f05efc56915bbdb8540
episodes/old_faithful_joint_distribution/proof/installed-proof.log	488	6a6c503530cd2e3ab13a7c0cdd164c6bbbf92a5f2dac3146a3b67c787ff40548
episodes/old_faithful_joint_distribution/proof/installed-result.rds	2822	ddee307160b6119f9b725b9dcee5c21e51a369926bb3a662b8351cd5cdb6546e
episodes/old_faithful_joint_distribution/proof/media-checksums.sha256	803	dcdc6ba0418a810f18184f6e83155bc0956e698514baf17dc1460471a944d5ef
episodes/old_faithful_joint_distribution/proof/repetitions/faithful_udist_result_01.rds	2822	ddee307160b6119f9b725b9dcee5c21e51a369926bb3a662b8351cd5cdb6546e
episodes/old_faithful_joint_distribution/proof/repetitions/faithful_udist_result_02.rds	2817	bca497c370158ce8a67bfb79fd5a5fc5f902d9cb656891fa4654a8a78aa13672
episodes/old_faithful_joint_distribution/proof/repetitions/faithful_udist_result_03.rds	2821	974ac11e134502f1ea40c433880515d5240525b329564373e7b38d469cd4afcb
episodes/old_faithful_joint_distribution/proof/repetitions/faithful_udist_result_04.rds	2823	4e3f7c3fa426ffb5a46d186a771ff3ad908851f7d34b5cbf7b4a325c85b71a2e
episodes/old_faithful_joint_distribution/proof/repetitions/faithful_udist_result_05.rds	2822	6a9d4a2b07c4a104ad90d97ffc95859f903f6ed62c7e8c09ce440a0322f6c17a
episodes/old_faithful_joint_distribution/proof/repetitions/faithful_udist_run_01.log	2021	375ab94cfd3f25ad4ae2322dc1566e9b1558a725c236a9a63b2b5e959f623ed9
episodes/old_faithful_joint_distribution/proof/repetitions/faithful_udist_run_02.log	2021	b86b56c79b4ce3a5e9b5f74a3c23090a4d3f3ecb9d15613889ab0d348275460a
episodes/old_faithful_joint_distribution/proof/repetitions/faithful_udist_run_03.log	2021	caf4e88fdce310ead8e126e7300a1287a4c502b4b037c5395b652cabbcf9cfab
episodes/old_faithful_joint_distribution/proof/repetitions/faithful_udist_run_04.log	2021	b86b56c79b4ce3a5e9b5f74a3c23090a4d3f3ecb9d15613889ab0d348275460a
episodes/old_faithful_joint_distribution/proof/repetitions/faithful_udist_run_05.log	2021	b86b56c79b4ce3a5e9b5f74a3c23090a4d3f3ecb9d15613889ab0d348275460a
episodes/old_faithful_joint_distribution/proof/runtime-summary.csv	182	14bf644c6d3fc678ee8954516ab346b0b4ae3cddc53ef1eae6f492b3d6660298
episodes/old_faithful_joint_distribution/render/render_frames.sh	737	f96ef0d97f88a272c49bf2431ce6718247c4ab34d557bd82c8923f1d01cfbbe8
episodes/old_faithful_joint_distribution/render/render_narrated_review.sh	914	82b46a5f11aae12cb16c9042d9f216bdb0e7c4952b3c85d526462daddef3d945
episodes/old_faithful_joint_distribution/render/render_silent_animatic.sh	1633	8de07e5ece69ef82716ea133669df046c375a48c8a26f4e5cc1f320798b03bdc
episodes/old_faithful_joint_distribution/render/sync_public_bundle.sh	1161	faa67b9f54948ff445e11d3ef09fcd1001d73c91a1448b398153f3466e832dfe
episodes/old_faithful_joint_distribution/review/narrated-prototype.mp4	2091996	595dec0e56bcbe6debf3fb8c17b19ffef3ddae3e28c8007ce419f792bc0e24b7
episodes/old_faithful_joint_distribution/review/silent-animatic.mp4	1158544	692765b6db8ea0fc740a372e455f5cd03dc4ab6239d79231d45e4d4e16f7851d
episodes/old_faithful_joint_distribution/storyboard.md	1500	8f53416b26a061f00a820ceed4921106b1a53ae40d34eedd474265ce79b3297b
episodes/old_faithful_joint_distribution/transcript.txt	429	887bfa09c37ad31f72b1c4ad92a4829bc85e1ac8011e1bf4220bd426e7ecdc3c
framework/README.md	1060	6852d5000ddd076490a300f293ad0fae11e88791073dea91616c5be0cc60982a
framework/build_archive_manifest.py	2497	214509a7ef17fe1ca4dd5a0fe770df96e99530f7ff014072cf24b6e8789ed801
framework/build_source_inventory.py	1419	18f06732c6c65c953f689ca7710aa628d7b6656e3d1c4d1ac7c5b17b5cef00c8
framework/build_system_audio_capture.sh	428	35316fff671679ee84b84c9eca9be81cc32632aeb52f193b9b5bdb9d797f56e5
framework/capture_system_audio.swift	5047	7e107e2a7bfeb052342390fd65f8ae7c93e81be2d9103cde3597374c38efdfab
framework/embed_svg_images.py	1570	81f7b6f99e2bea11c79525e1406c53a9b2c8ee6e3cf9ae607c0eed2d656e7870
framework/list_visible_windows.swift	1202	0475a34064806187ab270a44e5cf2ae8638a5c3b0f0fedb257747ec36c5d5607
framework/media-spec.yml	374	d7272a5046b277e3f6b03ed9ee30804fd147ae251738c71ba03ae1247b932948
framework/normalize_system_audio.py	2374	9ea2dea35ca4cf374eccad61db6090b82cb4f0154e9a4110a9b3a53d1abaae9b
framework/pronunciations.yml	477	453d1310bcca4756e7c4e58033256c72c613b768ef8e279378f2866250037646
framework/validate_media.py	2264	a33cc897a2e0525698ee3a0a8deb1cf77f07f77b8e784b566d5a59827282b028
proof/sessionInfo.log	1224	f279e0c543cd085a1112fae3027c3225833db6f17da71f07af3d56b84f6634c6
